Task,Scrambled_Status,Name_1,Name_2,Image1,Image2,Random,Order,
Social Networking,Unscrambled,Website_3_Target_SN,Website_3_Control_SN,..\User\Pictures\Social_Networking\Website_3_Target_SN,..\User\Pictures\Social_Networking\Website_3_Control_SN,0.951300005,80,
Alcohol,Unscrambled,Unopened_3_Target_A,Unopened_3_Control_A,..\User\Pictures\Alcohol\Unopened_3_Target_A,..\User\Pictures\Alcohol\Unopened_3_Control_A,0.978351557,79,
Alcohol,Unscrambled,Social_5_Target_A,Social_5_Control_A,..\User\Pictures\Alcohol\Social_5_Target_A,..\User\Pictures\Alcohol\Social_5_Control_A,0.953775654,78,
Social Networking,Unscrambled,Misc_3_Target_SN,Misc_3_Control_SN,..\User\Pictures\Social_Networking\Misc_3_Target_SN,..\User\Pictures\Social_Networking\Misc_3_Control_SN,0.931397827,77,
Social Networking,Unscrambled,Icon_3_Target_SN,Icon_3_Control_SN,..\User\Pictures\Social_Networking\Icon_3_Target_SN,..\User\Pictures\Social_Networking\Icon_3_Control_SN,0.926202262,76,
Alcohol,Unscrambled,Unopened_5_Target_A,Unopened_5_Control_A,..\User\Pictures\Alcohol\Unopened_5_Target_A,..\User\Pictures\Alcohol\Unopened_5_Control_A,0.99735982,75,
Alcohol,Scrambled,Location_2_Target_A_Scrambled,Location_2_Control_A_Scrambled,..\User\Pictures\Alcohol\Scrambled_Location_2_Target_A,..\User\Pictures\Alcohol\Scrambled_Location_2_Control_A,0.918020874,74,
Social Networking,Scrambled,Icon_1_Target_SN_Scrambled,Icon_1_Control_SN_Scrambled,..\User\Pictures\Social_Networking\Scrambled_Icon_1_Target_SN,..\User\Pictures\Social_Networking\Scrambled_Icon_1_Control_SN,0.898268979,73,
Alcohol,Scrambled,Location_3_Target_A_Scrambled,Location_3_Control_A_Scrambled,..\User\Pictures\Alcohol\Scrambled_Location_3_Target_A,..\User\Pictures\Alcohol\Scrambled_Location_3_Control_A,0.877658468,72,
Social Networking,Unscrambled,Website_1_Target_SN,Website_1_Control_SN,..\User\Pictures\Social_Networking\Website_1_Target_SN,..\User\Pictures\Social_Networking\Website_1_Control_SN,0.842458716,71,
Alcohol,Unscrambled,Social_1_Target_A,Social_1_Control_A,..\User\Pictures\Alcohol\Social_1_Target_A,..\User\Pictures\Alcohol\Social_1_Control_A,0.866652096,70,
Social Networking,Unscrambled,Misc_1_Target_SN,Misc_1_Control_SN,..\User\Pictures\Social_Networking\Misc_1_Target_SN,..\User\Pictures\Social_Networking\Misc_1_Control_SN,0.855958299,69,
Alcohol,Scrambled,Poured_3_Target_A_Scrambled,Poured_3_Control_A_Scrambled,..\User\Pictures\Alcohol\Scrambled_Poured_3_Target_A,..\User\Pictures\Alcohol\Scrambled_Poured_3_Control_A,0.850599763,68,
Social Networking,Scrambled,Misc_3_Target_SN_Scrambled,Misc_3_Control_SN_Scrambled,..\User\Pictures\Social_Networking\Scrambled_Misc_3_Target_SN,..\User\Pictures\Social_Networking\Scrambled_Misc_3_Control_SN,0.847477665,67,
Alcohol,Scrambled,Unopened_3_Target_A_Scrambled,Unopened_3_Control_A_Scrambled,..\User\Pictures\Alcohol\Scrambled_Unopened_3_Target_A,..\User\Pictures\Alcohol\Scrambled_Unopened_3_Control_A,0.872274402,66,
Social Networking,Scrambled,Icon_3_Target_SN_Scrambled,Icon_3_Control_SN_Scrambled,..\User\Pictures\Social_Networking\Scrambled_Icon_3_Target_SN,..\User\Pictures\Social_Networking\Scrambled_Icon_3_Control_SN,0.829406677,65,
Alcohol,Scrambled,Location_5_Target_A_Scrambled,Location_5_Control_A_Scrambled,..\User\Pictures\Alcohol\Scrambled_Location_5_Target_A,..\User\Pictures\Alcohol\Scrambled_Location_5_Control_A,0.829134357,64,
Social Networking,Scrambled,Phone_3_Target_SN_Scrambled,Phone_3_Control_SN_Scrambled,..\User\Pictures\Social_Networking\Scrambled_Phone_3_Target_SN,..\User\Pictures\Social_Networking\Scrambled_Phone_3_Control_SN,0.723777123,63,
Alcohol,Scrambled,Unopened_2_Target_A_Scrambled,Unopened_2_Control_A_Scrambled,..\User\Pictures\Alcohol\Scrambled_Unopened_2_Target_A,..\User\Pictures\Alcohol\Scrambled_Unopened_2_Control_A,0.806233903,62,
Social Networking,Scrambled,Misc_5_Target_SN_Scrambled,Misc_5_Control_SN_Scrambled,..\User\Pictures\Social_Networking\Scrambled_Misc_5_Target_SN,..\User\Pictures\Social_Networking\Scrambled_Misc_5_Control_SN,0.735848671,61,
Social Networking,Scrambled,Website_3_Target_SN_Scrambled,Website_3_Control_SN_Scrambled,..\User\Pictures\Social_Networking\Scrambled_Website_3_Target_SN,..\User\Pictures\Social_Networking\Scrambled_Website_3_Control_SN,0.725385882,60,
Alcohol,Unscrambled,Social_3_Target_A,Social_3_Control_A,..\User\Pictures\Alcohol\Social_3_Target_A,..\User\Pictures\Alcohol\Social_3_Control_A,0.810596627,59,
Social Networking,Unscrambled,Misc_5_Target_SN,Misc_5_Control_SN,..\User\Pictures\Social_Networking\Misc_5_Target_SN,..\User\Pictures\Social_Networking\Misc_5_Control_SN,0.723434536,58,
Alcohol,Scrambled,Poured_5_Target_A_Scrambled,Poured_5_Control_A_Scrambled,..\User\Pictures\Alcohol\Scrambled_Poured_5_Target_A,..\User\Pictures\Alcohol\Scrambled_Poured_5_Control_A,0.717288937,57,
Social Networking,Scrambled,Website_2_Target_SN_Scrambled,Website_2_Control_SN_Scrambled,..\User\Pictures\Social_Networking\Scrambled_Website_2_Target_SN,..\User\Pictures\Social_Networking\Scrambled_Website_2_Control_SN,0.710318634,56,
Alcohol,Unscrambled,Poured_2_Target_A,Poured_2_Control_A,..\User\Pictures\Alcohol\Poured_2_Target_A,..\User\Pictures\Alcohol\Poured_2_Control_A,0.680065572,55,
Social Networking,Unscrambled,Phone_1_Target_SN,Phone_1_Control_SN,..\User\Pictures\Social_Networking\Phone_1_Target_SN,..\User\Pictures\Social_Networking\Phone_1_Control_SN,0.660614333,54,
Alcohol,Scrambled,Social_1_Target_A_Scrambled,Social_1_Control_A_Scrambled,..\User\Pictures\Alcohol\Scrambled_Social_1_Target_A,..\User\Pictures\Alcohol\Scrambled_Social_1_Control_A,0.628481382,53,
Social Networking,Unscrambled,Misc_4_Target_SN,Misc_4_Control_SN,..\User\Pictures\Social_Networking\Misc_4_Target_SN,..\User\Pictures\Social_Networking\Misc_4_Control_SN,0.628398416,52,
Social Networking,Scrambled,Misc_4_Target_SN_Scrambled,Misc_4_Control_SN_Scrambled,..\User\Pictures\Social_Networking\Scrambled_Misc_4_Target_SN,..\User\Pictures\Social_Networking\Scrambled_Misc_4_Control_SN,0.598850504,51,
Alcohol,Scrambled,Poured_4_Target_A_Scrambled,Poured_4_Control_A_Scrambled,..\User\Pictures\Alcohol\Scrambled_Poured_4_Target_A,..\User\Pictures\Alcohol\Scrambled_Poured_4_Control_A,0.595716622,50,
Social Networking,Scrambled,Icon_5_Target_SN_Scrambled,Icon_5_Control_SN_Scrambled,..\User\Pictures\Social_Networking\Scrambled_Icon_5_Target_SN,..\User\Pictures\Social_Networking\Scrambled_Icon_5_Control_SN,0.539776064,49,
Alcohol,Scrambled,Social_2_Target_A_Scrambled,Social_2_Control_A_Scrambled,..\User\Pictures\Alcohol\Scrambled_Social_2_Target_A,..\User\Pictures\Alcohol\Scrambled_Social_2_Control_A,0.537373383,48,
Social Networking,Unscrambled,Icon_4_Target_SN,Icon_4_Control_SN,..\User\Pictures\Social_Networking\Icon_4_Target_SN,..\User\Pictures\Social_Networking\Icon_4_Control_SN,0.535022228,47,
Social Networking,Unscrambled,Website_5_Target_SN,Website_5_Control_SN,..\User\Pictures\Social_Networking\Website_5_Target_SN,..\User\Pictures\Social_Networking\Website_5_Control_SN,0.523180373,46,
Alcohol,Unscrambled,Unopened_4_Target_A,Unopened_4_Control_A,..\User\Pictures\Alcohol\Unopened_4_Target_A,..\User\Pictures\Alcohol\Unopened_4_Control_A,0.271173039,45,
Social Networking,Scrambled,Icon_2_Target_SN_Scrambled,Icon_2_Control_SN_Scrambled,..\User\Pictures\Social_Networking\Scrambled_Icon_2_Target_SN,..\User\Pictures\Social_Networking\Scrambled_Icon_2_Control_SN,0.506442548,44,
Alcohol,Scrambled,Unopened_5_Target_A_Scrambled,Unopened_5_Control_A_Scrambled,..\User\Pictures\Alcohol\Scrambled_Unopened_5_Target_A,..\User\Pictures\Alcohol\Scrambled_Unopened_5_Control_A,0.335038776,43,
Alcohol,Unscrambled,Location_3_Target_A,Location_3_Control_A,..\User\Pictures\Alcohol\Location_3_Target_A,..\User\Pictures\Alcohol\Location_3_Control_A,0.464347302,42,
Social Networking,Scrambled,Website_5_Target_SN_Scrambled,Website_5_Control_SN_Scrambled,..\User\Pictures\Social_Networking\Scrambled_Website_5_Target_SN,..\User\Pictures\Social_Networking\Scrambled_Website_5_Control_SN,0.455249287,41,
,,,,,,,,